title,description
Issue Title,Issue Description
Issue Title,Issue Description
Issue Title,Issue Description
Issue Title,Issue Description
Issue Title,Issue Description
Issue Title,Issue Description
Issue Title,Issue Description
Issue Title,Issue Description
Issue Title,Issue Description
Issue Title,Issue Description
Issue Title,Issue Description
Issue Title,Issue Description
Issue Title,Issue Description
Issue Title,Issue Description
Issue Title,Issue Description
Issue Title,Issue Description
Issue Title,Issue Description
Issue Title,Issue Description
Issue Title,Issue Description
Issue Title,Issue Description
Issue Title,Issue Description
Issue Title,Issue Description
Issue Title,Issue Description
Issue Title,Issue Description
Issue Title,Issue Description
Issue Title,Issue Description
Issue Title,Issue Description
Issue Title,Issue Description
Issue Title,Issue Description
Issue Title,Issue Description
Issue Title,Issue Description
Issue Title,Issue Description
Issue Title,Issue Description
Issue Title,Issue Description
Issue Title,Issue Description
Issue Title,Issue Description
Issue Title,Issue Description
Issue Title,Issue Description
Issue Title,Issue Description
Issue Title,Issue Description
Issue Title,Issue Description
Issue Title,Issue Description
Issue Title,Issue Description
Issue Title,Issue Description
Issue Title,Issue Description
Issue Title,Issue Description
Issue Title,Issue Description
Issue Title,Issue Description
Issue Title,Issue Description
Issue Title,Issue Description
Issue Title,Issue Description
Issue Title,Issue Description
Issue Title,Issue Description
Issue Title,Issue Description
Issue Title,Issue Description